{
    "accuracy": 0.8095238095238095,
    "precision": 0.7795698924731183,
    "recall": 0.8630952380952381,
    "f1_score": 0.8192090395480226,
    "roc_auc": 0.8800311791383221
}